<?xml version="1.0"?>
<Page Version="4000" TimeStamp="2017-08-03 18:52:44">
	<PageEditSize Type="Inherited" />
	<ProjectUUID>849FF081-63EF-4156-A6DC-0F21FC43C541</ProjectUUID>
	<TemplatesTabOrderPosition>1</TemplatesTabOrderPosition>
	<Background Inherited="true" />
	<PageObject Type="Selection Object">
		<SelectionType>ListBox</SelectionType>
		<Location top="30" left="12" bottom="216" right="264" />
		<TabOrder>3</TabOrder>
		<UseTabInObject>true</UseTabInObject>
		<Font GUID="00000000-0000-0000-0000-000000000001" Name="Main Font" />
		<TextShown>ElementName</TextShown>
		<EditField>AtTop</EditField>
		<AddAndRemoveButtons>true</AddAndRemoveButtons>
		<Border Style="InShadow" Width="2" MarginTop="5" MarginRight="5" MarginBottom="5" MarginLeft="5" />
		<BackgroundColor RGB="#ffffff" />
		<MultipleColumns>true</MultipleColumns>
		<ExplicitIdentifier>
			<Identifier>Fabricas(Fabricas)</Identifier>
		</ExplicitIdentifier>
	</PageObject>
	<PageObject Type="Text">
		<Location top="12" left="12" bottom="30" right="264" />
		<StaticText>Fábricas</StaticText>
		<Font GUID="00000000-0000-0000-0000-000000000001" Name="Main Font" />
		<TextColor RGB="#000000" />
	</PageObject>
	<PageObject Type="Selection Object">
		<SelectionType>ListBox</SelectionType>
		<Location top="30" left="276" bottom="216" right="528" />
		<TabOrder>2</TabOrder>
		<UseTabInObject>true</UseTabInObject>
		<Font GUID="00000000-0000-0000-0000-000000000001" Name="Main Font" />
		<TextShown>ElementName</TextShown>
		<EditField>AtTop</EditField>
		<AddAndRemoveButtons>true</AddAndRemoveButtons>
		<Border Style="InShadow" Width="2" MarginTop="5" MarginRight="5" MarginBottom="5" MarginLeft="5" />
		<BackgroundColor RGB="#ffffff" />
		<MultipleColumns>true</MultipleColumns>
		<ExplicitIdentifier>
			<Identifier>Produtos(Produtos)</Identifier>
		</ExplicitIdentifier>
	</PageObject>
	<PageObject Type="Text">
		<Location top="12" left="276" bottom="30" right="528" />
		<StaticText>Produtos</StaticText>
		<Font GUID="00000000-0000-0000-0000-000000000001" Name="Main Font" />
		<TextColor RGB="#000000" />
	</PageObject>
	<PageObject Type="Selection Object">
		<SelectionType>ListBox</SelectionType>
		<Location top="30" left="540" bottom="216" right="792" />
		<TabOrder>1</TabOrder>
		<UseTabInObject>true</UseTabInObject>
		<Font GUID="00000000-0000-0000-0000-000000000001" Name="Main Font" />
		<TextShown>ElementName</TextShown>
		<EditField>AtTop</EditField>
		<AddAndRemoveButtons>true</AddAndRemoveButtons>
		<Border Style="InShadow" Width="2" MarginTop="5" MarginRight="5" MarginBottom="5" MarginLeft="5" />
		<BackgroundColor RGB="#ffffff" />
		<MultipleColumns>true</MultipleColumns>
		<ExplicitIdentifier>
			<Identifier>Clientes(Clientes)</Identifier>
		</ExplicitIdentifier>
	</PageObject>
	<PageObject Type="Text">
		<Location top="12" left="540" bottom="30" right="792" />
		<StaticText>Clientes</StaticText>
		<Font GUID="00000000-0000-0000-0000-000000000001" Name="Main Font" />
		<TextColor RGB="#000000" />
	</PageObject>
	<PageObject Type="Pivot Table">
		<Location top="252" left="18" bottom="588" right="792" />
		<TabOrder>4</TabOrder>
		<ObjectUUID>E5C29E82-4174-42A3-938A-85AE508E2A94</ObjectUUID>
		<Font GUID="00000000-0000-0000-0000-000000000001" Name="Main Font" />
		<Border Style="InShadow" Width="2" MarginTop="5" MarginRight="5" MarginBottom="5" MarginLeft="5" />
		<Contents>
			<Explicit_Identifier>
				<Identifier ID="4110">CustoDeProducao( f, p )</Identifier>
				<Title ID="4120">"Custo de Produção"</Title>
			</Explicit_Identifier>
			<Explicit_Identifier>
				<Identifier ID="4110">PrecoDeVenda( p )</Identifier>
				<Format>
					<Decimal_Places ID="4312">2</Decimal_Places>
				</Format>
			</Explicit_Identifier>
			<Explicit_Identifier>
				<Identifier ID="4110">DemandaDoClientePeloProduto( c, p )</Identifier>
			</Explicit_Identifier>
			<Explicit_Identifier>
				<Identifier ID="4110">CustoDeEntrega( f, c )</Identifier>
			</Explicit_Identifier>
			<Explicit_Identifier>
				<Identifier ID="4110">CapacidadeDeProducao( f )</Identifier>
			</Explicit_Identifier>
			<Defaults>
				<Format>
					<Show_1000_seperator ID="4213">"Yes"</Show_1000_seperator>
				</Format>
			</Defaults>
		</Contents>
		<Indices>
			<Defaults>
				<Show_All_Elements ID="6150">1</Show_All_Elements>
			</Defaults>
			<Identifier_Index>
				<Hide_if_Single_Identifier ID="6270">"No"</Hide_if_Single_Identifier>
			</Identifier_Index>
		</Indices>
		<General>
			<Dense_Aggregation_restricts_to_Domain ID="1022">"Yes"</Dense_Aggregation_restricts_to_Domain>
		</General>
		<Row_Area>
			<Background_Color ID="2010">RGB&lt;255,255,200&gt;</Background_Color>
			<Text_Color ExtraInfo="D4F48705-BFDF-4DF8-8E1F-D38EFF981024" ID="2020">"default selection"</Text_Color>
			<Headers>
				<Background_Color ExtraInfo="D4F48705-BFDF-4DF8-8E1F-D38EFF981024" ID="2120">"default selection"</Background_Color>
				<Text_Color ID="2130">RGB&lt;255,255,255&gt;</Text_Color>
				<Show_Sub_Headers ID="2150">"No"</Show_Sub_Headers>
			</Headers>
			<Grid_Focus_Indicator>
				<Background_Color ID="2270">RGB&lt;0,0,168&gt;</Background_Color>
				<Text_Color ID="2280">RGB&lt;255,255,200&gt;</Text_Color>
			</Grid_Focus_Indicator>
		</Row_Area>
		<Column_Area>
			<Headers>
				<Show_Sub_Headers ID="3150">"No"</Show_Sub_Headers>
			</Headers>
		</Column_Area>
		<Grid_Area>
			<Background_Color ID="5010">RGB&lt;255,255,255&gt;</Background_Color>
			<Alternating_Background_Color ID="5011">RGB&lt;225,225,225&gt;</Alternating_Background_Color>
			<Aggregators>
				<Background_Color ID="5220">RGB&lt;255,128,128&gt;</Background_Color>
			</Aggregators>
			<Sub_Header_Row_or_Column>
				<Background_Color ID="5320">RGB&lt;255,255,200&gt;</Background_Color>
			</Sub_Header_Row_or_Column>
		</Grid_Area>
	</PageObject>
	<PageObject Type="Text">
		<Location top="234" left="18" bottom="252" right="528" />
		<StaticText>Dados de Entrada</StaticText>
		<Font GUID="00000000-0000-0000-0000-000000000001" Name="Main Font" />
		<TextColor RGB="#000000" />
	</PageObject>
	<PageObject Type="Button">
		<Location top="12" left="816" bottom="72" right="924" />
		<TabOrder>5</TabOrder>
		<LeaveOnEnter>false</LeaveOnEnter>
		<ButtonType>Text</ButtonType>
		<Title>"Resolve Problema"</Title>
		<Font GUID="00000000-0000-0000-0000-000000000001" Name="Main Font" />
		<ActionSequence>
			<Action Type="Run">
				<RunWhat>SpecificProcecure</RunWhat>
				<Procedure>MainExecution</Procedure>
				<AbortOnError>true</AbortOnError>
			</Action>
			<Action Type="LinkedPage">
				<Page PageGUID="8CDB88FC-C5BC-4C07-A0D1-6900D6A20E66" Name="Resultados" />
			</Action>
		</ActionSequence>
	</PageObject>
	<UsedReferences>
		<Model>
			<Symbol>Fabricas</Symbol>
			<Symbol>Produtos</Symbol>
			<Symbol>Clientes</Symbol>
			<Symbol>CustoDeProducao</Symbol>
			<Symbol>PrecoDeVenda</Symbol>
			<Symbol>DemandaDoClientePeloProduto</Symbol>
			<Symbol>CustoDeEntrega</Symbol>
			<Symbol>CapacidadeDeProducao</Symbol>
			<Symbol>MainExecution</Symbol>
			<Symbol>f</Symbol>
			<Symbol>p</Symbol>
			<Symbol>c</Symbol>
		</Model>
	</UsedReferences>
</Page>
