<?xml version="1.0"?>
<Page Version="4000" TimeStamp="2017-08-03 18:52:44">
	<PageEditSize Type="Inherited" />
	<ProjectUUID>849FF081-63EF-4156-A6DC-0F21FC43C541</ProjectUUID>
	<TemplatesTabOrderPosition>1</TemplatesTabOrderPosition>
	<Background Inherited="true" />
	<PageObject Type="Pivot Table">
		<Location top="30" left="18" bottom="228" right="870" />
		<TabOrder>2</TabOrder>
		<ObjectUUID>8787FF8C-988D-43C7-9F86-57553127F37E</ObjectUUID>
		<Font GUID="00000000-0000-0000-0000-000000000001" Name="Main Font" />
		<Border Style="InShadow" Width="2" MarginTop="5" MarginRight="5" MarginBottom="5" MarginLeft="5" />
		<Contents>
			<Explicit_Identifier>
				<Identifier ID="4110">ProducaoDoProdutoNaFabrica( f, p )</Identifier>
			</Explicit_Identifier>
			<Explicit_Identifier>
				<Identifier ID="4110">AtendimentoDaDemandaDoClientePeloProduto( f, c, p )</Identifier>
			</Explicit_Identifier>
			<Defaults>
				<Format>
					<Show_1000_seperator ID="4213">"Yes"</Show_1000_seperator>
				</Format>
			</Defaults>
		</Contents>
		<Indices>
			<Defaults>
				<Show_All_Elements ID="6150">1</Show_All_Elements>
			</Defaults>
			<Identifier_Index>
				<Hide_if_Single_Identifier ID="6270">"No"</Hide_if_Single_Identifier>
			</Identifier_Index>
		</Indices>
		<General>
			<Dense_Aggregation_restricts_to_Domain ID="1022">"Yes"</Dense_Aggregation_restricts_to_Domain>
		</General>
		<Row_Area>
			<Background_Color ID="2010">RGB&lt;255,255,200&gt;</Background_Color>
			<Text_Color ExtraInfo="D4F48705-BFDF-4DF8-8E1F-D38EFF981024" ID="2020">"default selection"</Text_Color>
			<Headers>
				<Background_Color ExtraInfo="D4F48705-BFDF-4DF8-8E1F-D38EFF981024" ID="2120">"default selection"</Background_Color>
				<Text_Color ID="2130">RGB&lt;255,255,255&gt;</Text_Color>
				<Show_Sub_Headers ID="2150">"No"</Show_Sub_Headers>
			</Headers>
			<Grid_Focus_Indicator>
				<Background_Color ID="2270">RGB&lt;0,0,168&gt;</Background_Color>
				<Text_Color ID="2280">RGB&lt;255,255,200&gt;</Text_Color>
			</Grid_Focus_Indicator>
		</Row_Area>
		<Column_Area>
			<Headers>
				<Show_Sub_Headers ID="3150">"No"</Show_Sub_Headers>
			</Headers>
		</Column_Area>
		<Grid_Area>
			<Background_Color ID="5010">RGB&lt;255,255,255&gt;</Background_Color>
			<Alternating_Background_Color ID="5011">RGB&lt;225,225,225&gt;</Alternating_Background_Color>
			<Aggregators>
				<Background_Color ID="5220">RGB&lt;255,128,128&gt;</Background_Color>
			</Aggregators>
			<Sub_Header_Row_or_Column>
				<Background_Color ID="5320">RGB&lt;255,255,200&gt;</Background_Color>
			</Sub_Header_Row_or_Column>
		</Grid_Area>
	</PageObject>
	<PageObject Type="Text">
		<Location top="12" left="18" bottom="30" right="786" />
		<StaticText>Variáveis</StaticText>
		<Font GUID="00000000-0000-0000-0000-000000000001" Name="Main Font" />
		<TextColor RGB="#000000" />
	</PageObject>
	<PageObject Type="Pivot Table">
		<Location top="264" left="18" bottom="408" right="876" />
		<TabOrder>1</TabOrder>
		<ObjectUUID>D6610664-C9C5-4CFD-B2DF-137BAB79AEB1</ObjectUUID>
		<Font GUID="00000000-0000-0000-0000-000000000001" Name="Main Font" />
		<Border Style="InShadow" Width="2" MarginTop="5" MarginRight="5" MarginBottom="5" MarginLeft="5" />
		<Contents>
			<Explicit_Identifier>
				<Identifier ID="4110">DemandaDoClientePeloProduto( c, p )</Identifier>
			</Explicit_Identifier>
			<Explicit_Identifier>
				<Identifier ID="4110">AtendimentoPorClienteEProduto( c, p )</Identifier>
				<Colors>
					<Text_Color ID="4165">CorAtendimento( c, p )</Text_Color>
				</Colors>
			</Explicit_Identifier>
			<Explicit_Identifier>
				<Identifier ID="4110">PercentualDeAtendimentoDaDemandaDoCliente( c, p )</Identifier>
				<Title ID="4120">"Percentual"</Title>
				<Format>
					<Show_value_bar ID="4340">"Show value bars with values"</Show_value_bar>
					<Value_bar_minimum ID="4341">0</Value_bar_minimum>
					<Value_bar_maximum ID="4342">100</Value_bar_maximum>
				</Format>
				<Colors>
					<Bar_Fill_Color ID="4167">E185A605-0CD0-44C0-913D-FDDB4E18CFE5 cyan</Bar_Fill_Color>
				</Colors>
			</Explicit_Identifier>
			<Defaults>
				<Format>
					<Show_1000_seperator ID="4213">"Yes"</Show_1000_seperator>
				</Format>
			</Defaults>
		</Contents>
		<Indices>
			<Defaults>
				<Show_All_Elements ID="6150">1</Show_All_Elements>
			</Defaults>
			<Explicit_Index>
				<Index ID="6510">c</Index>
				<Location_in_Initial_View ID="6560">"In Rows"</Location_in_Initial_View>
			</Explicit_Index>
			<Explicit_Index>
				<Index ID="6510">p</Index>
				<Link_to_Element_Parameter ID="6515">ProdutoSelecionado</Link_to_Element_Parameter>
				<Location_in_Initial_View ID="6560">"In Rows"</Location_in_Initial_View>
			</Explicit_Index>
			<Identifier_Index>
				<Location_in_Initial_View ID="6260">"In Columns"</Location_in_Initial_View>
				<Hide_if_Single_Identifier ID="6270">"No"</Hide_if_Single_Identifier>
			</Identifier_Index>
		</Indices>
		<General>
			<Dense_Aggregation_restricts_to_Domain ID="1022">"Yes"</Dense_Aggregation_restricts_to_Domain>
		</General>
		<Row_Area>
			<Background_Color ID="2010">RGB&lt;255,255,200&gt;</Background_Color>
			<Text_Color ExtraInfo="D4F48705-BFDF-4DF8-8E1F-D38EFF981024" ID="2020">"default selection"</Text_Color>
			<Headers>
				<Background_Color ExtraInfo="D4F48705-BFDF-4DF8-8E1F-D38EFF981024" ID="2120">"default selection"</Background_Color>
				<Text_Color ID="2130">RGB&lt;255,255,255&gt;</Text_Color>
				<Show_Sub_Headers ID="2150">"No"</Show_Sub_Headers>
			</Headers>
			<Grid_Focus_Indicator>
				<Background_Color ID="2270">RGB&lt;0,0,168&gt;</Background_Color>
				<Text_Color ID="2280">RGB&lt;255,255,200&gt;</Text_Color>
			</Grid_Focus_Indicator>
		</Row_Area>
		<Column_Area>
			<Headers>
				<Show_Sub_Headers ID="3150">"No"</Show_Sub_Headers>
			</Headers>
		</Column_Area>
		<Grid_Area>
			<Background_Color ID="5010">RGB&lt;255,255,255&gt;</Background_Color>
			<Alternating_Background_Color ID="5011">RGB&lt;225,225,225&gt;</Alternating_Background_Color>
			<Aggregators>
				<Background_Color ID="5220">RGB&lt;255,128,128&gt;</Background_Color>
			</Aggregators>
			<Sub_Header_Row_or_Column>
				<Background_Color ID="5320">RGB&lt;255,255,200&gt;</Background_Color>
			</Sub_Header_Row_or_Column>
		</Grid_Area>
	</PageObject>
	<PageObject Type="Text">
		<Location top="246" left="18" bottom="264" right="786" />
		<StaticText>Relatório de Atendimento ao Cliente</StaticText>
		<Font GUID="00000000-0000-0000-0000-000000000001" Name="Main Font" />
		<TextColor RGB="#000000" />
	</PageObject>
	<PageObject Type="Selection Object">
		<SelectionType>DropDownList</SelectionType>
		<Location top="444" left="642" bottom="468" right="876" />
		<TabOrder>3</TabOrder>
		<Font GUID="00000000-0000-0000-0000-000000000001" Name="Main Font" />
		<TextShown>ElementName</TextShown>
		<Border Style="None" />
		<BackgroundColor RGB="#ffffff" />
		<ExplicitIdentifier>
			<Identifier>ProdutoSelecionado</Identifier>
		</ExplicitIdentifier>
	</PageObject>
	<PageObject Type="Text">
		<Location top="450" left="588" bottom="474" right="672" />
		<StaticText>Produto:</StaticText>
		<Font GUID="00000000-0000-0000-0000-000000000001" Name="Main Font" />
		<TextColor RGB="#000000" />
	</PageObject>
	<PageObject Type="2D Chart">
		<Location top="444" left="18" bottom="594" right="564" />
		<TabOrder>4</TabOrder>
		<Border Style="InShadow" Width="2" MarginRight="4" />
		<X_Axis>
			<Domain ID="1004">c</Domain>
		</X_Axis>
		<Y_Axis>
			<Chart_type ID="2001">"Pie"</Chart_type>
			<Identifier>
				<Value ID="2007">RelatorioAtendimentoPorFabricaProdutoSeleciado( c, f, ProdutoSelecionado )</Value>
			</Identifier>
		</Y_Axis>
		<Legend>
			<Show ID="53">"Show"</Show>
		</Legend>
	</PageObject>
	<PageObject Type="Text">
		<Location top="426" left="18" bottom="444" right="876" />
		<StaticText>Relatório de Atendimento por Fábrica</StaticText>
		<Font GUID="00000000-0000-0000-0000-000000000001" Name="Main Font" />
		<TextColor RGB="#000000" />
	</PageObject>
	<UsedReferences>
		<Model>
			<Symbol>Produtos</Symbol>
			<Symbol>DemandaDoClientePeloProduto</Symbol>
			<Symbol>ProducaoDoProdutoNaFabrica</Symbol>
			<Symbol>AtendimentoDaDemandaDoClientePeloProduto</Symbol>
			<Symbol>AtendimentoPorClienteEProduto</Symbol>
			<Symbol>PercentualDeAtendimentoDaDemandaDoCliente</Symbol>
			<Symbol>ProdutoSelecionado</Symbol>
			<Symbol>RelatorioAtendimentoPorFabricaProdutoSeleciado</Symbol>
			<Symbol>CorAtendimento</Symbol>
			<Symbol>f</Symbol>
			<Symbol>p</Symbol>
			<Symbol>c</Symbol>
		</Model>
	</UsedReferences>
</Page>
